City
"Birmingham, AL"
"Hoover, AL"
"Huntsville, AL"
"Chandler, AZ"
"Gilbert, AZ"
"Glendale, AZ"
"Mesa, AZ"
"Oro Valley, AZ"
"Phoenix, AZ"
"Prescott, AZ"
"Queen Creek, AZ"
"Scottsdale, AZ"
"Surprise, AZ"
"Tempe, AZ"
"Tucson, AZ"
"Little Rock, AR"
"Agoura Hills, CA"
"Alameda, CA"
"Aliso Viejo, CA"
"Arroyo Grande, CA"
"Bakersfield, CA"
"Berkeley, CA"
"Brea, CA"
"Brentwood, CA"
"Burbank, CA"
"Calabasas, CA"
"Camarillo, CA"
"Campbell, CA"
"Capitola, CA"
"Carlsbad, CA"
"Castro Valley, CA"
"Cathedral City, CA"
"Cerritos, CA"
"Chatsworth, CA"
"Chico, CA"
"Chino Hills, CA"
"Chula Vista, CA"
"Claremont, CA"
"Clovis, CA"
"Concord, CA"
"Corona, CA"
"Costa Mesa, CA"
"Culver City, CA"
"Cypress, CA"
"Daly City, CA"
"Danville, CA"
"Davis, CA"
"Eagle Rock, CA"
"El Cerrito, CA"
"Elk Grove, CA"
"Emeryville, CA"
"Encinitas, CA"
"Encino, CA"
"Escondido, CA"
"Fair Oaks, CA"
"Fairfield, CA"
"Folsom, CA"
"Fremont, CA"
"Fresno, CA"
"Glendale, CA"
"Goleta, CA"
"Granada Hills, CA"
"Greenbrae, CA"
"Hermosa Beach, CA"
"Huntington Beach, CA"
"Irvine, CA"
"La Canada, CA"
"La Habra, CA"
"La Jolla, CA"
"La Mesa, CA"
"La Quinta, CA"
"Ladera Ranch, CA"
"Lafayette, CA"
"Laguna Hills, CA"
"Laguna Niguel, CA"
"Livermore, CA"
"Long Beach, CA"
"Los Altos, CA"
"Los Angeles, CA"
"Los Gatos, CA"
"Manhattan Beach, CA"
"Marina, CA"
"Marina Del Rey, CA"
"Menlo Park, CA"
"Millbrae, CA"
"Milpitas, CA"
"Mission Viejo, CA"
"Modesto, CA"
"Monrovia, CA"
"Monterey, CA"
"Montrose, CA"
"Morgan Hill, CA"
"Mountain View, CA"
"Murrieta, CA"
"Napa, CA"
"Newport Beach, CA"
"North Hollywood, CA"
"Northridge, CA"
"Novato, CA"
"Oakland, CA"
"Oceanside, CA"
"Orange, CA"
"Pacific Grove, CA"
"Palm Desert, CA"
"Palmdale, CA"
"Palo Alto, CA"
"Pasadena, CA"
"Petaluma, CA"
"Pinole, CA"
"Pleasanton, CA"
"Poway, CA"
"Rancho Cucamonga, CA"
"Rancho Palos Verdes, CA"
"Rancho Santa Margarita, CA"
"Redding, CA"
"Redlands, CA"
"Redondo Bch., CA"
"Riverside, CA"
"Rocklin, CA"
"Roseville, CA"
"S. Pasadena, CA"
"Sacramento, CA"
"San Carlos, CA"
"San Clemente, CA"
"San Diego, CA"
"San Dimas, CA"
"San Francisco, CA"
"San Jose, CA"
"San Juan Capistrano, CA"
"San Luis Obispo, CA"
"San Mateo, CA"
"San Rafael, CA"
"San Ramon, CA"
"Santa Ana, CA"
"Santa Barbara, CA"
"Santa Clarita, CA"
"Santa Cruz, CA"
"Santa Maria, CA"
"Santa Monica, CA"
"Santa Rosa, CA"
"Santee, CA"
"Sherman Oaks, CA"
"Simi Valley, CA"
"South Pasadena, CA"
"South San Francisco, CA"
"Stockton, CA"
"Studio City, CA"
"Sunnyvale, CA"
"Tarzana, CA"
"Temecula, CA"
"Templeton, CA"
"Thousand Oaks, CA"
"Toluca Lake, CA"
"Torrance, CA"
"Tracy, CA"
"Tustin, CA"
"Ventura, CA"
"Vista, CA"
"Walnut Creek, CA"
"West Hills, CA"
"West Hollywood, CA"
"Westchester, CA"
"Westlake Village, CA"
"Whittier, CA"
"Woodland Hills, CA"
"Yorba Linda, CA"
"Yucaipa, CA"
"Boulder, CO"
"Colorado Springs, CO"
"Denver, CO"
"Fort Collins, CO"
"Greenwood Village, CO"
"Littleton, CO"
"Parker, CO"
"Westminster, CO"
"Danbury, CT"
"Darien, CT"
"Fairfield, CT"
"Glastonbury, CT"
"Manchester, CT"
"Orange, CT"
"Stamford, CT"
"West Hartford, CT"
"Westport, CT"
"Newark, DE"
"Wilmington, DE"
"Washington, DC"
"Boca Raton, FL"
"Bradenton, FL"
"Coral Gables, FL"
"Coral Springs, FL"
"Davie, FL"
"Delray Beach, FL"
"Fort Lauderdale, FL"
"Fort Myers, FL"
"Gainesville, FL"
"Jacksonville, FL"
"Jacksonville Beach, FL"
"Miami, FL"
"Miami Beach, FL"
"Naples, FL"
"Orlando, FL"
"Palm Beach Gardens, FL"
"Palm Harbor, FL"
"Pembroke Pines, FL"
"Sarasota, FL"
"St. Petersburg, FL"
"Tallahassee, FL"
"Tampa, FL"
"Wellington, FL"
"Winter Park, FL"
"Alpharetta, GA"
"Athens, GA"
"Atlanta, GA"
"Marietta, GA"
"Norcross, GA"
"Roswell, GA"
"Sandy Springs, GA"
"Boise, ID"
"Coeur D'Alene, ID"
"Meridian, ID"
"Algonquin, IL"
"Arlington Heights, IL"
"Batavia, IL"
"Chicago, IL"
"Downers Grove, IL"
"Evanston, IL"
"Glen Ellyn, IL"
"Glenview, IL"
"La Grange, IL"
"Lake Zurich, IL"
"Libertyville, IL"
"Naperville, IL"
"Northbrook, IL"
"Oak Park, IL"
"Orland Park, IL"
"Park Ridge, IL"
"Schaumburg, IL"
"Fort Wayne, IN"
"Indianapolis, IN"
"South Bend, IN"
"Coralville, IA"
"West Des Moines, IA"
"Leawood, KS"
"Wichita, KS"
"Crestview Hills, KY"
"Lexington, KY"
"Louisville, KY"
"Baton Rouge, LA"
"Metairie, LA"
"New Orleans, LA"
"Portland, ME"
"Annapolis, MD"
"Bethesda, MD"
"College Park, MD"
"Elkridge, MD"
"Pikesville, MD"
"Rockville, MD"
"Silver Spring, MD"
"Towson, MD"
"Acton, MA"
"Allston, MA"
"Arlington, MA"
"Boston, MA"
"Brookline, MA"
"Burlington, MA"
"Cambridge, MA"
"Foxborough, MA"
"Framingham, MA"
"Hadley, MA"
"Hanover, MA"
"Hingham, MA"
"Hyannis, MA"
"Milford, MA"
"Needham, MA"
"Peabody, MA"
"Saugus, MA"
"Shrewsbury, MA"
"Somerville, MA"
"West Newton, MA"
"Ann Arbor, MI"
"Bloomfield Hills, MI"
"East Lansing, MI"
"Grosse Pointe, MI"
"Kalamazoo, MI"
"Kentwood, MI"
"Northville, MI"
"Rochester Hills, MI"
"Royal Oak, MI"
"Bloomington, MN"
"Eagan, MN"
"Maple Grove, MN"
"Minneapolis, MN"
"Minnetonka, MN"
"Rochester, MN"
"Shoreview, MN"
"St. Louis Park, MN"
"St. Paul, MN"
"Woodbury, MN"
"Brentwood, MO"
"Chesterfield, MO"
"Creve Coeur, MO"
"Des Peres, MO"
"Kansas City, MO"
"Lincoln, NE"
"Omaha, NE"
"Carson City, NV"
"Henderson, NV"
"Las Vegas, NV"
"Reno, NV"
"Sparks, NV"
"Bedford, NH"
"Nashua, NH"
"Portsmouth, NH"
"Brick, NJ"
"Bridgewater, NJ"
"Cherry Hill, NJ"
"Clifton, NJ"
"Denville, NJ"
"Edgewater, NJ"
"Florham Park, NJ"
"Freehold, NJ"
"Hoboken, NJ"
"Iselin, NJ"
"Marlton, NJ"
"Middletown Township, NJ"
"Millburn, NJ"
"North Brunswick, NJ"
"Paramus, NJ"
"Princeton, NJ"
"Shrewsbury, NJ"
"Wayne, NJ"
"Westfield, NJ"
"Westwood, NJ"
"Albuquerque, NM"
"Santa fe, NM"
"Brooklyn, NY"
"Buffalo, NY"
"Colonie, NY"
"Commack, NY"
"Garden City, NY"
"Glenmont, NY"
"Halfmoon, NY"
"Hartsdale, NY"
"Hewlett, NY"
"Ithaca, NY"
"Lake Grove, NY"
"Larchmont, NY"
"Merrick, NY"
"New York, NY"
"Oceanside, NY"
"Plainview, NY"
"Queens, NY"
"Rochester, NY"
"Scarsdale, NY"
"Staten Island, NY"
"Syracuse, NY"
"Yorktown, NY"
"Asheville, NC"
"Cary, NC"
"Chapel Hill, NC"
"Charlotte, NC"
"Greensboro, NC"
"Greenville, NC"
"Morrisville, NC"
"Raleigh, NC"
"Wilmington, NC"
"Winston Salem, NC"
"Cincinnati, OH"
"Columbus, OH"
"Dublin, OH"
"Kettering, OH"
"Mentor, OH"
"Westlake, OH"
"Woodmere, OH"
"Nichols Hills, OK"
"Oklahoma City, OK"
"Tulsa, OK"
"Beaverton, OR"
"Bend, OR"
"Clackamas, OR"
"Corvallis, OR"
"Eugene, OR"
"Hillsboro, OR"
"Lake Oswego, OR"
"Medford, OR"
"Milwaukie, OR"
"Portland, OR"
"Salem, OR"
"Tigard, OR"
"Ardmore, PA"
"Berwyn, PA"
"Camp Hill, PA"
"Exton, PA"
"Jenkintown, PA"
"King of Prussia, PA"
"Media, PA"
"North Wales, PA"
"Philadelphia, PA"
"Pittsburgh, PA"
"State College, PA"
"Wayne, PA"
"Providence, RI"
"Warwick, RI"
"Columbia, SC"
"Greenville, SC"
"Mt. Pleasant, SC"
"Myrtle Beach, SC"
"Chattanooga, TN"
"Franklin, TN"
"Germantown, TN"
"Knoxville, TN"
"Murfreesboro, TN"
"Nashville, TN"
"Austin, TX"
"Coppell, TX"
"Dallas, TX"
"Fort Worth, TX"
"Houston, TX"
"Katy, TX"
"Mckinney, TX"
"Plano, TX"
"San Antonio, TX"
"Southlake, TX"
"Sugar Land, TX"
"The Woodlands, TX"
"Cottonwood Heights, UT"
"Draper, UT"
"Orem, UT"
"Salt Lake City, UT"
"South Burlington, VT"
"Alexandria, VA"
"Arlington, VA"
"Ashburn, VA"
"Bailey's Crossroads, VA"
"Centreville, VA"
"Charlottesville, VA"
"Fairfax, VA"
"Falls Church, VA"
"Glen Allen, VA"
"Leesburg, VA"
"Newport News, VA"
"Reston, VA"
"Richmond, VA"
"Springfield, VA"
"Virginia Beach, VA"
"West Springfield, VA"
"Williamsburg, VA"
"Bellevue, WA"
"Bellingham, WA"
"Burien, WA"
"Everett, WA"
"Federal Way, WA"
"Issaquah, WA"
"Kent, WA"
"Kirkland, WA"
"Lynnwood, WA"
"Olympia, WA"
"Redmond, WA"
"Sammamish, WA"
"Seattle, WA"
"Shoreline, WA"
"Silverdale, WA"
"Spokane, WA"
"University Place, WA"
"Vancouver, WA"
"Brookfield, WI"
"Madison, WI"
"Milwaukee, WI"
